value/value_loss,value/v_mean,value/adv_mean,value/adv_max,value/adv_min,critic/q_loss,critic/q_mean,critic/q_max,critic/q_min,critic/target_q_mean,actor/loss,step
0.093501016497612,0.37862664461135864,-0.7177631258964539,0.9845343828201294,-1.4113925695419312,13.126922607421875,-0.17093989253044128,0.49818873405456543,-0.8668351769447327,-3.7457282543182373,1.5540885925292969,0
0.08099330216646194,-55.24786376953125,-0.2337457239627838,1.9470767974853516,-3.100770950317383,1.0988099575042725,-55.67347717285156,1.0518525838851929,-62.36840057373047,-55.66127395629883,0.5554991960525513,20000
0.15495753288269043,-62.90740966796875,-0.4120897650718689,2.695333480834961,-4.075948715209961,1.6697832345962524,-63.23624038696289,0.8062512874603271,-81.36444091796875,-63.25087356567383,0.510440468788147,40000
0.2404005527496338,-67.30229187011719,-0.3898090720176697,4.178672790527344,-3.839405059814453,1.004672646522522,-67.76879119873047,-0.026139140129089355,-86.355712890625,-67.6629638671875,0.4993273615837097,60000
0.3644726276397705,-68.97909545898438,-0.5069142580032349,8.153545379638672,-6.446250915527344,1.45224130153656,-69.60865783691406,-20.034849166870117,-88.66947937011719,-69.21844482421875,0.46742552518844604,80000
0.3326413929462433,-68.10235595703125,-0.41215014457702637,4.669075012207031,-5.236530303955078,1.3531203269958496,-68.45280456542969,-3.3259379863739014,-89.28468322753906,-68.27339172363281,0.476465106010437,100000
0.18442708253860474,-69.05743408203125,-0.3584325909614563,2.441619873046875,-4.500255584716797,1.4059216976165771,-69.397216796875,1.3570902347564697,-89.92670440673828,-69.29200744628906,0.44386929273605347,120000
0.15800124406814575,-69.76969909667969,-0.3935999572277069,2.757305145263672,-4.999088287353516,0.8602813482284546,-70.28807067871094,0.29325297474861145,-90.16152954101562,-69.92489624023438,0.4361684024333954,140000
0.18691900372505188,-70.81998443603516,-0.39619481563568115,1.9993705749511719,-5.420600891113281,1.3549413681030273,-71.34973907470703,0.44703203439712524,-90.46202850341797,-71.04867553710938,0.43607932329177856,160000
0.23253895342350006,-70.51156616210938,-0.4472198486328125,1.3905715942382812,-8.406688690185547,1.8486806154251099,-70.61529541015625,-13.025365829467773,-91.1103286743164,-70.82280731201172,0.4567156136035919,180000
0.09815932810306549,-72.48489379882812,-0.4261667728424072,1.6186027526855469,-4.276294708251953,0.6443140506744385,-72.89698791503906,0.8244951963424683,-91.59135437011719,-72.8807144165039,0.45349791646003723,200000
0.12453773617744446,-71.46566009521484,-0.4758662283420563,1.4733200073242188,-3.4653167724609375,0.8332538604736328,-71.8623046875,-10.281599998474121,-92.52670288085938,-71.7693099975586,0.4523150622844696,220000
0.09847421944141388,-71.92051696777344,-0.37745851278305054,0.804412841796875,-3.8784828186035156,0.7240280508995056,-72.21099853515625,0.9499490261077881,-93.1475830078125,-72.11988830566406,0.45359158515930176,240000
0.16213944554328918,-71.74430084228516,-0.2878847122192383,2.1351051330566406,-5.563507080078125,0.985460102558136,-72.1439208984375,-1.3965438604354858,-93.43534851074219,-71.90895080566406,0.48876136541366577,260000
0.133296400308609,-72.10834503173828,-0.43700990080833435,2.8398666381835938,-2.6951045989990234,1.0927484035491943,-72.73808288574219,-1.057861328125,-94.14126586914062,-72.2491683959961,0.4299202561378479,280000
0.13335692882537842,-72.58119201660156,-0.3256499469280243,1.5306129455566406,-3.7161483764648438,0.6994785666465759,-72.89578247070312,-7.562666893005371,-94.31398010253906,-72.79621887207031,0.4390031695365906,300000
0.13693737983703613,-69.99012756347656,-0.43397021293640137,1.2567100524902344,-5.8357086181640625,0.7197471857070923,-70.42875671386719,1.5676140785217285,-94.64018249511719,-70.31432342529297,0.410674512386322,320000
0.4533338248729706,-73.77278900146484,-0.8239603042602539,4.987281799316406,-11.072982788085938,1.487471342086792,-74.2603530883789,-0.6810240149497986,-95.21078491210938,-73.99786376953125,0.36587202548980713,340000
0.11973748356103897,-72.78702545166016,-0.4328426718711853,1.6148796081542969,-3.3909645080566406,0.5962303876876831,-73.08856201171875,-4.79478120803833,-95.70008850097656,-73.09455871582031,0.4039938747882843,360000
0.17388080060482025,-72.97718048095703,-0.2962622046470642,3.5234174728393555,-3.21868896484375,0.7746716737747192,-73.0276870727539,-2.2693285942077637,-95.73127746582031,-73.17037200927734,0.4291967749595642,380000
0.25031477212905884,-72.3507080078125,-0.4436274766921997,4.110767364501953,-6.494136810302734,0.7098476886749268,-72.62998962402344,1.3527183532714844,-96.20722198486328,-72.6793212890625,0.4211515486240387,400000
0.23635436594486237,-74.38734436035156,-0.5102891325950623,1.4928855895996094,-11.468181610107422,1.2248575687408447,-74.65924072265625,2.1388614177703857,-96.14615631103516,-74.61932373046875,0.4196682572364807,420000
0.10554473102092743,-74.70849609375,-0.22163046896457672,1.413818359375,-3.511341094970703,0.753320038318634,-74.65597534179688,-26.582609176635742,-95.42568969726562,-74.87484741210938,0.39772558212280273,440000
0.16294768452644348,-73.70091247558594,-0.2825876474380493,2.7191696166992188,-4.324985504150391,0.9584433436393738,-73.80894470214844,2.0805165767669678,-96.26030731201172,-73.84663391113281,0.42014187574386597,460000
0.32694631814956665,-74.729736328125,-0.2536349296569824,3.0033607482910156,-5.395746231079102,1.748044490814209,-74.7984619140625,-0.5009189248085022,-96.29853057861328,-74.64685821533203,0.3989523649215698,480000
0.2252042293548584,-73.40798950195312,-0.38847100734710693,4.909634113311768,-4.772245407104492,1.0373040437698364,-73.54376220703125,-2.275824546813965,-96.76705169677734,-73.71418762207031,0.36228013038635254,500000
,,,,,,,,,,,500235
,,,,,,,,,,,500686
,,,,,,,,,,,501686
,,,,,,,,,,,502686
,,,,,,,,,,,503686
,,,,,,,,,,,504686
,,,,,,,,,,,505686
,,,,,,,,,,,506173
,,,,,,,,,,,506554
,,,,,,,,,,,507554
,,,,,,,,,,,508554
,,,,,,,,,,,509554
,,,,,,,,,,,510554
,,,,,,,,,,,511554
,,,,,,,,,,,512554
,,,,,,,,,,,513554
,,,,,,,,,,,514554
,,,,,,,,,,,515554
,,,,,,,,,,,516554
,,,,,,,,,,,517554
,,,,,,,,,,,518554
,,,,,,,,,,,519554
,,,,,,,,,,,520554
,,,,,,,,,,,521554
,,,,,,,,,,,522554
,,,,,,,,,,,523554
,,,,,,,,,,,524554
,,,,,,,,,,,525554
,,,,,,,,,,,526554
,,,,,,,,,,,527554
,,,,,,,,,,,528554
,,,,,,,,,,,529554
,,,,,,,,,,,529885
,,,,,,,,,,,530885
,,,,,,,,,,,531885
,,,,,,,,,,,532885
,,,,,,,,,,,533885
,,,,,,,,,,,534885
,,,,,,,,,,,535885
,,,,,,,,,,,536885
,,,,,,,,,,,537885
,,,,,,,,,,,538885
,,,,,,,,,,,539885
,,,,,,,,,,,540885
,,,,,,,,,,,541885
,,,,,,,,,,,542885
,,,,,,,,,,,543313
,,,,,,,,,,,544313
,,,,,,,,,,,545313
,,,,,,,,,,,546313
,,,,,,,,,,,547313
,,,,,,,,,,,547784
,,,,,,,,,,,548784
,,,,,,,,,,,549784
,,,,,,,,,,,550784
,,,,,,,,,,,551784
,,,,,,,,,,,552128
,,,,,,,,,,,553128
,,,,,,,,,,,554128
,,,,,,,,,,,555128
,,,,,,,,,,,556128
,,,,,,,,,,,557128
,,,,,,,,,,,558128
,,,,,,,,,,,559128
,,,,,,,,,,,560128
,,,,,,,,,,,561128
,,,,,,,,,,,562128
,,,,,,,,,,,563128
,,,,,,,,,,,564128
,,,,,,,,,,,565128
,,,,,,,,,,,565871
,,,,,,,,,,,566871
,,,,,,,,,,,567871
,,,,,,,,,,,568871
,,,,,,,,,,,569871
,,,,,,,,,,,570871
,,,,,,,,,,,571871
,,,,,,,,,,,572871
,,,,,,,,,,,573871
,,,,,,,,,,,574871
,,,,,,,,,,,575871
,,,,,,,,,,,576871
,,,,,,,,,,,577354
,,,,,,,,,,,578354
,,,,,,,,,,,579354
,,,,,,,,,,,580354
,,,,,,,,,,,581354
,,,,,,,,,,,582354
,,,,,,,,,,,582721
,,,,,,,,,,,583721
,,,,,,,,,,,584721
,,,,,,,,,,,585721
,,,,,,,,,,,586721
,,,,,,,,,,,587721
,,,,,,,,,,,588721
,,,,,,,,,,,589721
,,,,,,,,,,,590721
,,,,,,,,,,,591721
,,,,,,,,,,,592721
,,,,,,,,,,,593721
,,,,,,,,,,,594721
,,,,,,,,,,,595721
,,,,,,,,,,,596721
,,,,,,,,,,,597721
,,,,,,,,,,,598721
,,,,,,,,,,,599721
